{
    "web":{
        "client_id":"406917781431-1a6f1r2o4l6nacdn86h3qhmodm1h8b06.apps.googleusercontent.com",
        "project_id":"catcher1",
        "auth_uri":"https://accounts.google.com/o/oauth2/auth",
        "token_uri":"https://oauth2.googleapis.com/token",
        "auth_provider_x509_cert_url":"https://www.googleapis.com/oauth2/v1/certs",
        "client_secret":"mqEoYmz2x7EJqcPSFGJl4YsP",
        "redirect_uris":["https://localhost:3000"],
        "javascript_origins":["https://localhost:3000"]}}

      